Changes made at Sat Aug  9 05:58:18 UTC 2025
Changes made at Thu Nov 20 14:07:24 UTC 2025
Changes made at Thu Nov 20 14:23:30 UTC 2025
Changes made at Thu Nov 20 16:30:23 UTC 2025
Changes made at Fri Nov 21 08:32:18 UTC 2025
Changes made at Fri Nov 21 10:24:45 UTC 2025
Changes made at Fri Nov 21 14:22:28 UTC 2025
Changes made at Fri Nov 21 16:28:24 UTC 2025
Changes made at Sat Nov 22 08:28:01 UTC 2025
Changes made at Sat Nov 22 10:21:52 UTC 2025
Changes made at Sat Nov 22 14:19:06 UTC 2025
Changes made at Sat Nov 22 16:26:16 UTC 2025
Changes made at Sun Nov 23 08:28:19 UTC 2025
Changes made at Sun Nov 23 10:22:11 UTC 2025
Changes made at Sun Nov 23 14:19:12 UTC 2025
Changes made at Sun Nov 23 16:26:32 UTC 2025
Changes made at Mon Nov 24 08:33:58 UTC 2025
